{
  "timestamp": "2025-12-14 18:24:59",
  "n_crs_patients": 185,
  "n_deaths": 150,
  "death_rate": 0.8108108108108109,
  "best_model": "Random Forest",
  "model_performance": {
    "roc_auc": 0.6242424242424243,
    "pr_auc": 0.8955625976847836,
    "f1": 0.7674418604651163,
    "accuracy": 0.6428571428571429,
    "precision": 0.8048780487804879,
    "recall": 0.7333333333333333
  },
  "top_features": []
}