,accuracy,precision,recall,f1,roc_auc
XGBoost,0.418,0.9137931034482759,0.36551724137931035,0.5221674876847291,0.6784792219274978
Gradient Boosting,0.264,1.0,0.15402298850574714,0.26693227091633465,0.6832183908045979
Logistic Regression,0.146,1.0,0.01839080459770115,0.03611738148984198,0.6459239610963748
Random Forest,0.13,0.0,0.0,0.0,0.6650221043324491
