,accuracy,precision,recall,f1,roc_auc
Gradient Boosting,0.858,0.8775933609958506,0.9724137931034482,0.9225736095965104,0.6068611847922193
XGBoost,0.53,0.9464285714285714,0.48735632183908045,0.6433990895295902,0.7132272325375774
Logistic Regression,0.178,0.9615384615384616,0.05747126436781609,0.10845986984815618,0.6849336870026526
Random Forest,0.13,0.0,0.0,0.0,0.6841202475685234
